group,year,week,value
Total,2021,0,0
Total,2021,1,21955
Total,2021,2,46895
Total,2021,3,73700
Total,2021,4,95564
Total,2021,5,111284
Total,2021,6,121914
Total,2021,7,130194
Total,2021,8,133147
Total,2021,9,134060
Total,2021,10,135858
Total,2021,11,137646
Total,2021,12,139949
Total,2021,13,143588
Total,2021,14,147154
Total,2021,15,150759
Total,2021,16,154898
Total,2021,17,158477
Total,2021,18,162567
Total,2021,19,163964
Total,2021,20,164111
Total,2021,21,163823
Total,2021,22,164796
Total,2021,23,165080
Total,2021,24,167945
Total,2021,25,168868
Total,2021,26,170788
Total,2021,27,172430
Total,2021,28,175304
Total,2021,29,180870
Total,2021,30,184927
Total,2021,31,190153
Total,2021,32,196638
Total,2021,33,201984
Total,2021,34,205706
Total,2021,35,210004
Total,2021,36,217251
Total,2021,37,220664
Total,2021,38,223057
Total,2021,39,226225
Total,2021,40,229317
Total,2021,41,234027
Total,2021,42,239804
Total,2021,43,247234
Total,2021,44,254005
Total,2021,45,263256
Total,2021,46,273509
Total,2021,47,286078
Total,2021,48,302016
Total,2021,49,317238
Total,2021,50,329860
Total,2021,51,342141
Total,2021,52,354389
Total,2022,0,0
Total,2022,1,9122
Total,2022,2,17436
Total,2022,3,25756
Total,2022,4,36058
Total,2022,5,47027
Total,2022,6,54944
Total,2022,7,62165
Total,2022,8,65911
Total,2022,9,69805
Total,2022,10,74735
Total,2022,11,80263
Total,2022,12,86317
Total,2022,13,93483
Total,2022,14,101860
Total,2022,15,109080
Total,2022,16,113623
Total,2022,17,117751
Total,2022,18,121493
Total,2022,19,125377
Total,2022,20,128399
Total,2022,21,128165
Total,2022,22,130440
Total,2022,23,132711
Total,2022,24,138415
Total,2022,25,143581
Total,2022,26,149030
Total,2022,27,156015
Total,2022,28,166801
Total,2022,29,182717
Total,2022,30,194152
Total,2022,31,203510
Total,2022,32,213562
Total,2022,33,220676
Total,2022,34,224854
Total,2022,35,226879
Total,2022,36,229109
Total,2022,37,230312
Total,2022,38,233163
Total,2022,39,239370
Total,2022,40,246460
Total,2022,41,253821
Total,2022,42,261248
Total,2022,43,266815
Total,2022,44,268907
Total,2022,45,272303
Total,2022,46,276564
Total,2022,47,282471
Total,2022,48,290087
Total,2022,49,303183
Total,2022,50,321820
Total,2022,51,347311
Total,2022,52,370683
Total,2023,0,0
Total,2023,1,18524
Total,2023,2,30186
Total,2023,3,37093
Total,2023,4,41755
Total,2023,5,46830
Total,2023,6,50917
Total,2023,7,55517
Total,2023,8,59238
Total,2023,9,62778
Total,2023,10,69164
Total,2023,11,73707
Total,2023,12,76324
Total,2023,13,77812
Total,2023,14,78018
Total,2023,15,79203
Total,2023,16,80909
Total,2023,17,81719
Total,2023,18,81809
Total,2023,19,81044
Total,2023,20,79916
Total,2023,21,80019
Total,2023,22,79352
Total,2023,23,80591
Total,2023,24,81623
Total,2023,25,82468
Total,2023,26,80779
Total,2023,27,80105
Total,2023,28,80984
Total,2023,29,81293
Total,2023,30,81837
Total,2023,31,80816
Total,2023,32,82077
Total,2023,33,84368
Total,2023,34,87778
Total,2023,35,86774
Total,2023,36,88570
Total,2023,37,88159
Total,2023,38,86190
Total,2023,39,85181
Total,2023,40,85783
Total,2023,41,85704
Total,2023,42,87426
Total,2023,43,90419
Total,2023,44,92086
Total,2023,45,93909
Total,2023,46,96401
Total,2023,47,99042
Total,2023,48,103806
Total,2023,49,109718
Total,2023,50,110656
Total,2017,0,0
Total,2017,52,9037
Total,2018,0,0
Total,2018,1,12788
Total,2018,2,23443
Total,2018,3,33596
Total,2018,4,41467
Total,2018,5,48732
Total,2018,6,56609
Total,2018,7,67105
Total,2018,8,79429
Total,2018,9,97379
Total,2018,10,116492
Total,2018,11,129625
Total,2018,12,139263
Total,2018,13,146515
Total,2018,14,151779
Total,2018,15,155218
Total,2018,16,156439
Total,2018,17,154941
Total,2018,18,153124
Total,2018,19,151736
Total,2018,20,150004
Total,2018,21,149520
Total,2018,22,149847
Total,2018,23,148983
Total,2018,24,147063
Total,2018,25,146476
Total,2018,26,147934
Total,2018,27,149771
Total,2018,28,149780
Total,2018,29,151408
Total,2018,30,155694
Total,2018,31,162809
Total,2018,32,167675
Total,2018,33,167905
Total,2018,34,168031
Total,2018,35,166574
Total,2018,36,165753
Total,2018,37,164469
Total,2018,38,163967
Total,2018,39,162241
Total,2018,40,162150
Total,2018,41,162703
Total,2018,42,160658
Total,2018,43,158661
Total,2018,44,158079
Total,2018,45,158122
Total,2018,46,156158
Total,2018,47,155102
Total,2018,48,154642
Total,2018,49,154434
Total,2018,50,153992
Total,2018,51,155774
Total,2018,52,156662
Total,2019,0,0
Total,2019,1,4282
Total,2019,2,11605
Total,2019,3,18818
Total,2019,4,26593
Total,2019,5,35121
Total,2019,6,43755
Total,2019,7,50815
Total,2019,8,57011
Total,2019,9,63139
Total,2019,10,67329
Total,2019,11,69891
Total,2019,12,70080
Total,2019,13,69497
Total,2019,14,70421
Total,2019,15,69956
Total,2019,16,70834
Total,2019,17,71443
Total,2019,18,70795
Total,2019,19,70595
Total,2019,20,70967
Total,2019,21,71416
Total,2019,22,71435
Total,2019,23,72099
Total,2019,24,72276
Total,2019,25,72840
Total,2019,26,76038
Total,2019,27,78066
Total,2019,28,78163
Total,2019,29,78581
Total,2019,30,85371
Total,2019,31,85883
Total,2019,32,85946
Total,2019,33,84545
Total,2019,34,84148
Total,2019,35,85623
Total,2019,36,83564
Total,2019,37,82289
Total,2019,38,81433
Total,2019,39,81473
Total,2019,40,80967
Total,2019,41,81808
Total,2019,42,82084
Total,2019,43,82039
Total,2019,44,81990
Total,2019,45,82201
Total,2019,46,83292
Total,2019,47,84869
Total,2019,48,85854
Total,2019,49,87373
Total,2019,50,89845
Total,2019,51,93285
Total,2019,52,94265
Total,2020,0,0
Total,2020,1,3529
Total,2020,2,9046
Total,2020,3,13093
Total,2020,4,15858
Total,2020,5,20467
Total,2020,6,22448
Total,2020,7,24842
Total,2020,8,24714
Total,2020,9,25918
Total,2020,10,28148
Total,2020,11,33069
Total,2020,12,45635
Total,2020,13,71573
Total,2020,14,109537
Total,2020,15,145541
Total,2020,16,170817
Total,2020,17,186795
Total,2020,18,195071
Total,2020,19,200242
Total,2020,20,201693
Total,2020,21,203282
Total,2020,22,202953
Total,2020,23,202531
Total,2020,24,201083
Total,2020,25,199681
Total,2020,26,201552
Total,2020,27,201345
Total,2020,28,200753
Total,2020,29,201093
Total,2020,30,202319
Total,2020,31,206204
Total,2020,32,209301
Total,2020,33,217744
Total,2020,34,219747
Total,2020,35,219982
Total,2020,36,220457
Total,2020,37,222274
Total,2020,38,225390
Total,2020,39,226739
Total,2020,40,229845
Total,2020,41,232950
Total,2020,42,237146
Total,2020,43,246443
Total,2020,44,258553
Total,2020,45,274015
Total,2020,46,290869
Total,2020,47,306751
Total,2020,48,322930
Total,2020,49,340246
Total,2020,50,358687
Total,2020,51,376467
Total,2020,52,394165
0to14,2021,0,0
0to14,2021,1,-43
0to14,2021,2,-82
0to14,2021,3,-124
0to14,2021,4,-125
0to14,2021,5,-158
0to14,2021,6,-160
0to14,2021,7,-174
0to14,2021,8,-220
0to14,2021,9,-184
0to14,2021,10,-237
0to14,2021,11,-240
0to14,2021,12,-252
0to14,2021,13,-245
0to14,2021,14,-291
0to14,2021,15,-301
0to14,2021,16,-327
0to14,2021,17,-327
0to14,2021,18,-336
0to14,2021,19,-318
0to14,2021,20,-332
0to14,2021,21,-341
0to14,2021,22,-320
0to14,2021,23,-320
0to14,2021,24,-315
0to14,2021,25,-303
0to14,2021,26,-277
0to14,2021,27,-275
0to14,2021,28,-256
0to14,2021,29,-239
0to14,2021,30,-209
0to14,2021,31,-198
0to14,2021,32,-176
0to14,2021,33,-186
0to14,2021,34,-188
0to14,2021,35,-190
0to14,2021,36,-181
0to14,2021,37,-162
0to14,2021,38,-141
0to14,2021,39,-97
0to14,2021,40,-79
0to14,2021,41,-78
0to14,2021,42,-35
0to14,2021,43,-7
0to14,2021,44,16
0to14,2021,45,51
0to14,2021,46,98
0to14,2021,47,123
0to14,2021,48,194
0to14,2021,49,170
0to14,2021,50,227
0to14,2021,51,248
0to14,2021,52,302
0to14,2022,0,0
0to14,2022,1,5
0to14,2022,2,15
0to14,2022,3,25
0to14,2022,4,24
0to14,2022,5,66
0to14,2022,6,79
0to14,2022,7,91
0to14,2022,8,86
0to14,2022,9,99
0to14,2022,10,133
0to14,2022,11,130
0to14,2022,12,121
0to14,2022,13,146
0to14,2022,14,134
0to14,2022,15,177
0to14,2022,16,171
0to14,2022,17,145
0to14,2022,18,152
0to14,2022,19,213
0to14,2022,20,234
0to14,2022,21,232
0to14,2022,22,252
0to14,2022,23,230
0to14,2022,24,304
0to14,2022,25,342
0to14,2022,26,353
0to14,2022,27,410
0to14,2022,28,414
0to14,2022,29,454
0to14,2022,30,474
0to14,2022,31,485
0to14,2022,32,504
0to14,2022,33,498
0to14,2022,34,500
0to14,2022,35,501
0to14,2022,36,531
0to14,2022,37,586
0to14,2022,38,565
0to14,2022,39,605
0to14,2022,40,630
0to14,2022,41,647
0to14,2022,42,651
0to14,2022,43,681
0to14,2022,44,708
0to14,2022,45,763
0to14,2022,46,812
0to14,2022,47,832
0to14,2022,48,872
0to14,2022,49,996
0to14,2022,50,1082
0to14,2022,51,1157
0to14,2022,52,1265
0to14,2023,0,0
0to14,2023,1,24
0to14,2023,2,35
0to14,2023,3,28
0to14,2023,4,70
0to14,2023,5,89
0to14,2023,6,166
0to14,2023,7,205
0to14,2023,8,255
0to14,2023,9,287
0to14,2023,10,337
0to14,2023,11,386
0to14,2023,12,390
0to14,2023,13,408
0to14,2023,14,421
0to14,2023,15,432
0to14,2023,16,467
0to14,2023,17,453
0to14,2023,18,417
0to14,2023,19,434
0to14,2023,20,460
0to14,2023,21,475
0to14,2023,22,493
0to14,2023,23,501
0to14,2023,24,508
0to14,2023,25,507
0to14,2023,26,525
0to14,2023,27,536
0to14,2023,28,531
0to14,2023,29,551
0to14,2023,30,553
0to14,2023,31,544
0to14,2023,32,550
0to14,2023,33,536
0to14,2023,34,537
0to14,2023,35,516
0to14,2023,36,536
0to14,2023,37,544
0to14,2023,38,597
0to14,2023,39,629
0to14,2023,40,650
0to14,2023,41,663
0to14,2023,42,700
0to14,2023,43,713
0to14,2023,44,738
0to14,2023,45,735
0to14,2023,46,738
0to14,2023,47,736
0to14,2023,48,785
0to14,2023,49,887
0to14,2023,50,933
0to14,2017,0,0
0to14,2017,52,57
0to14,2018,0,0
0to14,2018,1,9
0to14,2018,2,44
0to14,2018,3,28
0to14,2018,4,24
0to14,2018,5,19
0to14,2018,6,29
0to14,2018,7,35
0to14,2018,8,26
0to14,2018,9,51
0to14,2018,10,69
0to14,2018,11,85
0to14,2018,12,84
0to14,2018,13,132
0to14,2018,14,137
0to14,2018,15,141
0to14,2018,16,163
0to14,2018,17,144
0to14,2018,18,126
0to14,2018,19,112
0to14,2018,20,113
0to14,2018,21,95
0to14,2018,22,45
0to14,2018,23,73
0to14,2018,24,72
0to14,2018,25,54
0to14,2018,26,51
0to14,2018,27,77
0to14,2018,28,92
0to14,2018,29,111
0to14,2018,30,130
0to14,2018,31,129
0to14,2018,32,160
0to14,2018,33,149
0to14,2018,34,167
0to14,2018,35,110
0to14,2018,36,72
0to14,2018,37,111
0to14,2018,38,155
0to14,2018,39,138
0to14,2018,40,145
0to14,2018,41,176
0to14,2018,42,208
0to14,2018,43,180
0to14,2018,44,156
0to14,2018,45,198
0to14,2018,46,229
0to14,2018,47,256
0to14,2018,48,275
0to14,2018,49,290
0to14,2018,50,304
0to14,2018,51,336
0to14,2018,52,317
0to14,2019,0,0
0to14,2019,1,38
0to14,2019,2,71
0to14,2019,3,110
0to14,2019,4,117
0to14,2019,5,170
0to14,2019,6,206
0to14,2019,7,261
0to14,2019,8,311
0to14,2019,9,344
0to14,2019,10,359
0to14,2019,11,374
0to14,2019,12,359
0to14,2019,13,343
0to14,2019,14,371
0to14,2019,15,413
0to14,2019,16,401
0to14,2019,17,403
0to14,2019,18,413
0to14,2019,19,375
0to14,2019,20,352
0to14,2019,21,368
0to14,2019,22,341
0to14,2019,23,361
0to14,2019,24,352
0to14,2019,25,351
0to14,2019,26,355
0to14,2019,27,349
0to14,2019,28,368
0to14,2019,29,340
0to14,2019,30,360
0to14,2019,31,392
0to14,2019,32,368
0to14,2019,33,375
0to14,2019,34,418
0to14,2019,35,424
0to14,2019,36,395
0to14,2019,37,393
0to14,2019,38,425
0to14,2019,39,406
0to14,2019,40,429
0to14,2019,41,420
0to14,2019,42,403
0to14,2019,43,418
0to14,2019,44,379
0to14,2019,45,375
0to14,2019,46,397
0to14,2019,47,408
0to14,2019,48,450
0to14,2019,49,490
0to14,2019,50,557
0to14,2019,51,595
0to14,2019,52,643
0to14,2020,0,0
0to14,2020,1,-9
0to14,2020,2,5
0to14,2020,3,22
0to14,2020,4,55
0to14,2020,5,85
0to14,2020,6,108
0to14,2020,7,110
0to14,2020,8,131
0to14,2020,9,134
0to14,2020,10,147
0to14,2020,11,161
0to14,2020,12,159
0to14,2020,13,173
0to14,2020,14,157
0to14,2020,15,154
0to14,2020,16,129
0to14,2020,17,113
0to14,2020,18,82
0to14,2020,19,54
0to14,2020,20,41
0to14,2020,21,19
0to14,2020,22,-6
0to14,2020,23,-11
0to14,2020,24,-46
0to14,2020,25,-66
0to14,2020,26,-65
0to14,2020,27,-100
0to14,2020,28,-132
0to14,2020,29,-153
0to14,2020,30,-126
0to14,2020,31,-137
0to14,2020,32,-170
0to14,2020,33,-181
0to14,2020,34,-216
0to14,2020,35,-246
0to14,2020,36,-279
0to14,2020,37,-288
0to14,2020,38,-281
0to14,2020,39,-278
0to14,2020,40,-314
0to14,2020,41,-326
0to14,2020,42,-395
0to14,2020,43,-411
0to14,2020,44,-453
0to14,2020,45,-454
0to14,2020,46,-473
0to14,2020,47,-506
0to14,2020,48,-543
0to14,2020,49,-541
0to14,2020,50,-567
0to14,2020,51,-582
0to14,2020,52,-617
15to44,2021,0,0
15to44,2021,1,101
15to44,2021,2,222
15to44,2021,3,387
15to44,2021,4,531
15to44,2021,5,670
15to44,2021,6,667
15to44,2021,7,709
15to44,2021,8,697
15to44,2021,9,734
15to44,2021,10,770
15to44,2021,11,817
15to44,2021,12,872
15to44,2021,13,1004
15to44,2021,14,1115
15to44,2021,15,1215
15to44,2021,16,1345
15to44,2021,17,1384
15to44,2021,18,1509
15to44,2021,19,1493
15to44,2021,20,1507
15to44,2021,21,1546
15to44,2021,22,1597
15to44,2021,23,1614
15to44,2021,24,1775
15to44,2021,25,1868
15to44,2021,26,1940
15to44,2021,27,2039
15to44,2021,28,2211
15to44,2021,29,2420
15to44,2021,30,2559
15to44,2021,31,2641
15to44,2021,32,2803
15to44,2021,33,2921
15to44,2021,34,2998
15to44,2021,35,3090
15to44,2021,36,3303
15to44,2021,37,3459
15to44,2021,38,3574
15to44,2021,39,3659
15to44,2021,40,3751
15to44,2021,41,3796
15to44,2021,42,3937
15to44,2021,43,3980
15to44,2021,44,4011
15to44,2021,45,4187
15to44,2021,46,4334
15to44,2021,47,4595
15to44,2021,48,4871
15to44,2021,49,5087
15to44,2021,50,5275
15to44,2021,51,5458
15to44,2021,52,5723
15to44,2022,0,0
15to44,2022,1,206
15to44,2022,2,322
15to44,2022,3,411
15to44,2022,4,495
15to44,2022,5,588
15to44,2022,6,647
15to44,2022,7,757
15to44,2022,8,840
15to44,2022,9,906
15to44,2022,10,978
15to44,2022,11,1084
15to44,2022,12,1135
15to44,2022,13,1154
15to44,2022,14,1219
15to44,2022,15,1212
15to44,2022,16,1197
15to44,2022,17,1251
15to44,2022,18,1354
15to44,2022,19,1405
15to44,2022,20,1473
15to44,2022,21,1502
15to44,2022,22,1472
15to44,2022,23,1597
15to44,2022,24,1713
15to44,2022,25,1774
15to44,2022,26,1805
15to44,2022,27,1974
15to44,2022,28,2127
15to44,2022,29,2258
15to44,2022,30,2406
15to44,2022,31,2524
15to44,2022,32,2713
15to44,2022,33,2766
15to44,2022,34,2798
15to44,2022,35,2845
15to44,2022,36,2891
15to44,2022,37,2863
15to44,2022,38,2867
15to44,2022,39,2816
15to44,2022,40,2800
15to44,2022,41,2862
15to44,2022,42,2870
15to44,2022,43,2828
15to44,2022,44,2814
15to44,2022,45,2796
15to44,2022,46,2771
15to44,2022,47,2825
15to44,2022,48,2896
15to44,2022,49,2994
15to44,2022,50,3106
15to44,2022,51,3307
15to44,2022,52,3616
15to44,2023,0,0
15to44,2023,1,126
15to44,2023,2,194
15to44,2023,3,225
15to44,2023,4,228
15to44,2023,5,324
15to44,2023,6,382
15to44,2023,7,471
15to44,2023,8,496
15to44,2023,9,607
15to44,2023,10,723
15to44,2023,11,847
15to44,2023,12,924
15to44,2023,13,901
15to44,2023,14,962
15to44,2023,15,1046
15to44,2023,16,991
15to44,2023,17,1052
15to44,2023,18,1076
15to44,2023,19,1093
15to44,2023,20,1137
15to44,2023,21,1144
15to44,2023,22,1195
15to44,2023,23,1240
15to44,2023,24,1356
15to44,2023,25,1436
15to44,2023,26,1423
15to44,2023,27,1517
15to44,2023,28,1567
15to44,2023,29,1606
15to44,2023,30,1638
15to44,2023,31,1659
15to44,2023,32,1726
15to44,2023,33,1768
15to44,2023,34,1852
15to44,2023,35,1908
15to44,2023,36,1939
15to44,2023,37,1961
15to44,2023,38,1908
15to44,2023,39,1924
15to44,2023,40,2696
15to44,2023,41,2746
15to44,2023,42,2695
15to44,2023,43,2681
15to44,2023,44,2655
15to44,2023,45,2647
15to44,2023,46,2564
15to44,2023,47,2574
15to44,2023,48,2594
15to44,2023,49,2615
15to44,2023,50,2562
15to44,2017,0,0
15to44,2017,52,136
15to44,2018,0,0
15to44,2018,1,200
15to44,2018,2,322
15to44,2018,3,378
15to44,2018,4,473
15to44,2018,5,485
15to44,2018,6,619
15to44,2018,7,748
15to44,2018,8,745
15to44,2018,9,915
15to44,2018,10,1038
15to44,2018,11,1123
15to44,2018,12,1146
15to44,2018,13,1177
15to44,2018,14,1224
15to44,2018,15,1250
15to44,2018,16,1304
15to44,2018,17,1253
15to44,2018,18,1321
15to44,2018,19,1389
15to44,2018,20,1401
15to44,2018,21,1424
15to44,2018,22,1403
15to44,2018,23,1435
15to44,2018,24,1387
15to44,2018,25,1345
15to44,2018,26,1397
15to44,2018,27,1427
15to44,2018,28,1544
15to44,2018,29,1591
15to44,2018,30,1662
15to44,2018,31,1826
15to44,2018,32,1909
15to44,2018,33,1928
15to44,2018,34,1947
15to44,2018,35,1942
15to44,2018,36,1951
15to44,2018,37,1955
15to44,2018,38,1931
15to44,2018,39,1910
15to44,2018,40,1888
15to44,2018,41,2050
15to44,2018,42,2007
15to44,2018,43,1983
15to44,2018,44,1987
15to44,2018,45,1988
15to44,2018,46,1944
15to44,2018,47,1919
15to44,2018,48,1892
15to44,2018,49,1912
15to44,2018,50,1959
15to44,2018,51,2014
15to44,2018,52,2020
15to44,2019,0,0
15to44,2019,1,149
15to44,2019,2,304
15to44,2019,3,393
15to44,2019,4,435
15to44,2019,5,490
15to44,2019,6,587
15to44,2019,7,676
15to44,2019,8,707
15to44,2019,9,670
15to44,2019,10,735
15to44,2019,11,706
15to44,2019,12,671
15to44,2019,13,636
15to44,2019,14,631
15to44,2019,15,662
15to44,2019,16,648
15to44,2019,17,559
15to44,2019,18,532
15to44,2019,19,493
15to44,2019,20,471
15to44,2019,21,453
15to44,2019,22,404
15to44,2019,23,442
15to44,2019,24,367
15to44,2019,25,384
15to44,2019,26,487
15to44,2019,27,573
15to44,2019,28,520
15to44,2019,29,493
15to44,2019,30,575
15to44,2019,31,553
15to44,2019,32,577
15to44,2019,33,557
15to44,2019,34,522
15to44,2019,35,554
15to44,2019,36,530
15to44,2019,37,542
15to44,2019,38,520
15to44,2019,39,461
15to44,2019,40,429
15to44,2019,41,456
15to44,2019,42,402
15to44,2019,43,445
15to44,2019,44,401
15to44,2019,45,373
15to44,2019,46,343
15to44,2019,47,324
15to44,2019,48,272
15to44,2019,49,268
15to44,2019,50,265
15to44,2019,51,250
15to44,2019,52,231
15to44,2020,0,0
15to44,2020,1,170
15to44,2020,2,244
15to44,2020,3,278
15to44,2020,4,253
15to44,2020,5,391
15to44,2020,6,365
15to44,2020,7,457
15to44,2020,8,479
15to44,2020,9,537
15to44,2020,10,596
15to44,2020,11,683
15to44,2020,12,719
15to44,2020,13,877
15to44,2020,14,1029
15to44,2020,15,1229
15to44,2020,16,1315
15to44,2020,17,1351
15to44,2020,18,1299
15to44,2020,19,1248
15to44,2020,20,1326
15to44,2020,21,1301
15to44,2020,22,1366
15to44,2020,23,1335
15to44,2020,24,1381
15to44,2020,25,1398
15to44,2020,26,1419
15to44,2020,27,1430
15to44,2020,28,1395
15to44,2020,29,1415
15to44,2020,30,1421
15to44,2020,31,1536
15to44,2020,32,1646
15to44,2020,33,1825
15to44,2020,34,1880
15to44,2020,35,1882
15to44,2020,36,1924
15to44,2020,37,2008
15to44,2020,38,2073
15to44,2020,39,2080
15to44,2020,40,2077
15to44,2020,41,2143
15to44,2020,42,2103
15to44,2020,43,2233
15to44,2020,44,2272
15to44,2020,45,2273
15to44,2020,46,2256
15to44,2020,47,2303
15to44,2020,48,2311
15to44,2020,49,2510
15to44,2020,50,2664
15to44,2020,51,2741
15to44,2020,52,2780
45to64,2021,0,0
45to64,2021,1,2052
45to64,2021,2,4254
45to64,2021,3,6460
45to64,2021,4,8235
45to64,2021,5,9777
45to64,2021,6,11073
45to64,2021,7,12240
45to64,2021,8,12944
45to64,2021,9,13570
45to64,2021,10,14350
45to64,2021,11,15010
45to64,2021,12,15839
45to64,2021,13,16832
45to64,2021,14,17818
45to64,2021,15,18906
45to64,2021,16,20008
45to64,2021,17,21051
45to64,2021,18,21986
45to64,2021,19,22574
45to64,2021,20,22961
45to64,2021,21,23366
45to64,2021,22,23868
45to64,2021,23,24217
45to64,2021,24,24641
45to64,2021,25,24998
45to64,2021,26,25557
45to64,2021,27,25860
45to64,2021,28,26328
45to64,2021,29,26933
45to64,2021,30,27373
45to64,2021,31,28063
45to64,2021,32,28719
45to64,2021,33,29344
45to64,2021,34,29842
45to64,2021,35,30622
45to64,2021,36,31481
45to64,2021,37,31903
45to64,2021,38,32597
45to64,2021,39,33121
45to64,2021,40,33891
45to64,2021,41,34871
45to64,2021,42,35706
45to64,2021,43,36628
45to64,2021,44,37617
45to64,2021,45,38869
45to64,2021,46,40358
45to64,2021,47,42114
45to64,2021,48,44197
45to64,2021,49,46283
45to64,2021,50,48126
45to64,2021,51,49965
45to64,2021,52,51767
45to64,2022,0,0
45to64,2022,1,1433
45to64,2022,2,2638
45to64,2022,3,3654
45to64,2022,4,4738
45to64,2022,5,5754
45to64,2022,6,6523
45to64,2022,7,7139
45to64,2022,8,7523
45to64,2022,9,7971
45to64,2022,10,8316
45to64,2022,11,8740
45to64,2022,12,9182
45to64,2022,13,9704
45to64,2022,14,10325
45to64,2022,15,10815
45to64,2022,16,11014
45to64,2022,17,11311
45to64,2022,18,11710
45to64,2022,19,12111
45to64,2022,20,12406
45to64,2022,21,12373
45to64,2022,22,12511
45to64,2022,23,12680
45to64,2022,24,13006
45to64,2022,25,13391
45to64,2022,26,13977
45to64,2022,27,14467
45to64,2022,28,15340
45to64,2022,29,16467
45to64,2022,30,17144
45to64,2022,31,17665
45to64,2022,32,18342
45to64,2022,33,18854
45to64,2022,34,19219
45to64,2022,35,19412
45to64,2022,36,19478
45to64,2022,37,19455
45to64,2022,38,19876
45to64,2022,39,20261
45to64,2022,40,20719
45to64,2022,41,21084
45to64,2022,42,21537
45to64,2022,43,21858
45to64,2022,44,22021
45to64,2022,45,22436
45to64,2022,46,22927
45to64,2022,47,23601
45to64,2022,48,24361
45to64,2022,49,25801
45to64,2022,50,27444
45to64,2022,51,29570
45to64,2022,52,31740
45to64,2023,0,0
45to64,2023,1,1618
45to64,2023,2,2528
45to64,2023,3,3133
45to64,2023,4,3568
45to64,2023,5,4127
45to64,2023,6,4691
45to64,2023,7,4988
45to64,2023,8,5401
45to64,2023,9,5896
45to64,2023,10,6496
45to64,2023,11,6985
45to64,2023,12,7009
45to64,2023,13,7263
45to64,2023,14,7475
45to64,2023,15,7654
45to64,2023,16,7896
45to64,2023,17,7852
45to64,2023,18,7901
45to64,2023,19,7843
45to64,2023,20,7953
45to64,2023,21,7947
45to64,2023,22,7990
45to64,2023,23,8103
45to64,2023,24,8232
45to64,2023,25,8381
45to64,2023,26,8230
45to64,2023,27,8363
45to64,2023,28,8469
45to64,2023,29,8483
45to64,2023,30,8506
45to64,2023,31,8403
45to64,2023,32,8448
45to64,2023,33,8350
45to64,2023,34,8496
45to64,2023,35,8400
45to64,2023,36,8520
45to64,2023,37,8467
45to64,2023,38,8235
45to64,2023,39,8217
45to64,2023,40,8325
45to64,2023,41,8345
45to64,2023,42,8526
45to64,2023,43,8926
45to64,2023,44,9022
45to64,2023,45,9214
45to64,2023,46,9283
45to64,2023,47,9557
45to64,2023,48,9945
45to64,2023,49,10485
45to64,2023,50,10579
45to64,2017,0,0
45to64,2017,52,990
45to64,2018,0,0
45to64,2018,1,1160
45to64,2018,2,1900
45to64,2018,3,2718
45to64,2018,4,3293
45to64,2018,5,3960
45to64,2018,6,4537
45to64,2018,7,5461
45to64,2018,8,6665
45to64,2018,9,8125
45to64,2018,10,9510
45to64,2018,11,10511
45to64,2018,12,11277
45to64,2018,13,11637
45to64,2018,14,12241
45to64,2018,15,12709
45to64,2018,16,12871
45to64,2018,17,12843
45to64,2018,18,12791
45to64,2018,19,12631
45to64,2018,20,12648
45to64,2018,21,12632
45to64,2018,22,12628
45to64,2018,23,12651
45to64,2018,24,12630
45to64,2018,25,12632
45to64,2018,26,12757
45to64,2018,27,12820
45to64,2018,28,12771
45to64,2018,29,12872
45to64,2018,30,13158
45to64,2018,31,13665
45to64,2018,32,13935
45to64,2018,33,13860
45to64,2018,34,13738
45to64,2018,35,13672
45to64,2018,36,13679
45to64,2018,37,13528
45to64,2018,38,13471
45to64,2018,39,13502
45to64,2018,40,13647
45to64,2018,41,13558
45to64,2018,42,13409
45to64,2018,43,13322
45to64,2018,44,13333
45to64,2018,45,13406
45to64,2018,46,13478
45to64,2018,47,13511
45to64,2018,48,13670
45to64,2018,49,13843
45to64,2018,50,14007
45to64,2018,51,14529
45to64,2018,52,14804
45to64,2019,0,0
45to64,2019,1,685
45to64,2019,2,1391
45to64,2019,3,2006
45to64,2019,4,2858
45to64,2019,5,3851
45to64,2019,6,4638
45to64,2019,7,5466
45to64,2019,8,5934
45to64,2019,9,6615
45to64,2019,10,7115
45to64,2019,11,7223
45to64,2019,12,7278
45to64,2019,13,7172
45to64,2019,14,7152
45to64,2019,15,7016
45to64,2019,16,7052
45to64,2019,17,7120
45to64,2019,18,6926
45to64,2019,19,6778
45to64,2019,20,6736
45to64,2019,21,6606
45to64,2019,22,6553
45to64,2019,23,6533
45to64,2019,24,6538
45to64,2019,25,6657
45to64,2019,26,6860
45to64,2019,27,7164
45to64,2019,28,6958
45to64,2019,29,7143
45to64,2019,30,7352
45to64,2019,31,7296
45to64,2019,32,7097
45to64,2019,33,6696
45to64,2019,34,6457
45to64,2019,35,6468
45to64,2019,36,6301
45to64,2019,37,6059
45to64,2019,38,6054
45to64,2019,39,6118
45to64,2019,40,6069
45to64,2019,41,6121
45to64,2019,42,6048
45to64,2019,43,5910
45to64,2019,44,5875
45to64,2019,45,6085
45to64,2019,46,6162
45to64,2019,47,6173
45to64,2019,48,6268
45to64,2019,49,6642
45to64,2019,50,6933
45to64,2019,51,7423
45to64,2019,52,7565
45to64,2020,0,0
45to64,2020,1,466
45to64,2020,2,1013
45to64,2020,3,1546
45to64,2020,4,1788
45to64,2020,5,2302
45to64,2020,6,2650
45to64,2020,7,2904
45to64,2020,8,3038
45to64,2020,9,3245
45to64,2020,10,3529
45to64,2020,11,4043
45to64,2020,12,5149
45to64,2020,13,7041
45to64,2020,14,9705
45to64,2020,15,11997
45to64,2020,16,13425
45to64,2020,17,14346
45to64,2020,18,14730
45to64,2020,19,15169
45to64,2020,20,15382
45to64,2020,21,15654
45to64,2020,22,15915
45to64,2020,23,15919
45to64,2020,24,15988
45to64,2020,25,15810
45to64,2020,26,16000
45to64,2020,27,16046
45to64,2020,28,16060
45to64,2020,29,16083
45to64,2020,30,16217
45to64,2020,31,16553
45to64,2020,32,16798
45to64,2020,33,17553
45to64,2020,34,17575
45to64,2020,35,17507
45to64,2020,36,17567
45to64,2020,37,17745
45to64,2020,38,18059
45to64,2020,39,18279
45to64,2020,40,18611
45to64,2020,41,19082
45to64,2020,42,19560
45to64,2020,43,20367
45to64,2020,44,21181
45to64,2020,45,22249
45to64,2020,46,23513
45to64,2020,47,24660
45to64,2020,48,26146
45to64,2020,49,27510
45to64,2020,50,29050
45to64,2020,51,30330
45to64,2020,52,31804
65to74,2021,0,0
65to74,2021,1,2956
65to74,2021,2,6489
65to74,2021,3,10138
65to74,2021,4,13398
65to74,2021,5,16053
65to74,2021,6,18088
65to74,2021,7,20000
65to74,2021,8,21104
65to74,2021,9,22165
65to74,2021,10,23576
65to74,2021,11,24991
65to74,2021,12,26459
65to74,2021,13,28089
65to74,2021,14,29915
65to74,2021,15,31579
65to74,2021,16,33336
65to74,2021,17,34800
65to74,2021,18,36573
65to74,2021,19,37668
65to74,2021,20,38664
65to74,2021,21,39156
65to74,2021,22,39836
65to74,2021,23,40495
65to74,2021,24,41316
65to74,2021,25,41740
65to74,2021,26,42342
65to74,2021,27,42964
65to74,2021,28,43798
65to74,2021,29,44836
65to74,2021,30,45667
65to74,2021,31,46603
65to74,2021,32,47719
65to74,2021,33,48728
65to74,2021,34,49591
65to74,2021,35,50653
65to74,2021,36,52085
65to74,2021,37,52887
65to74,2021,38,53656
65to74,2021,39,54671
65to74,2021,40,55637
65to74,2021,41,56919
65to74,2021,42,58083
65to74,2021,43,59661
65to74,2021,44,61143
65to74,2021,45,63007
65to74,2021,46,65034
65to74,2021,47,67724
65to74,2021,48,71013
65to74,2021,49,73919
65to74,2021,50,76617
65to74,2021,51,79268
65to74,2021,52,81773
65to74,2022,0,0
65to74,2022,1,1884
65to74,2022,2,3761
65to74,2022,3,5192
65to74,2022,4,7102
65to74,2022,5,8947
65to74,2022,6,10315
65to74,2022,7,11681
65to74,2022,8,12444
65to74,2022,9,13255
65to74,2022,10,14226
65to74,2022,11,15188
65to74,2022,12,16295
65to74,2022,13,17421
65to74,2022,14,18760
65to74,2022,15,19755
65to74,2022,16,20582
65to74,2022,17,21482
65to74,2022,18,22343
65to74,2022,19,23114
65to74,2022,20,23706
65to74,2022,21,23820
65to74,2022,22,24421
65to74,2022,23,25048
65to74,2022,24,26080
65to74,2022,25,27149
65to74,2022,26,28088
65to74,2022,27,28987
65to74,2022,28,30432
65to74,2022,29,32454
65to74,2022,30,33952
65to74,2022,31,35057
65to74,2022,32,36354
65to74,2022,33,37315
65to74,2022,34,37827
65to74,2022,35,38055
65to74,2022,36,38686
65to74,2022,37,39093
65to74,2022,38,39712
65to74,2022,39,40801
65to74,2022,40,42003
65to74,2022,41,43302
65to74,2022,42,44491
65to74,2022,43,45395
65to74,2022,44,45962
65to74,2022,45,46629
65to74,2022,46,47456
65to74,2022,47,48717
65to74,2022,48,50080
65to74,2022,49,52003
65to74,2022,50,54974
65to74,2022,51,58720
65to74,2022,52,62082
65to74,2023,0,0
65to74,2023,1,2633
65to74,2023,2,4273
65to74,2023,3,5389
65to74,2023,4,6292
65to74,2023,5,7084
65to74,2023,6,7830
65to74,2023,7,8511
65to74,2023,8,9161
65to74,2023,9,9959
65to74,2023,10,11093
65to74,2023,11,11971
65to74,2023,12,12718
65to74,2023,13,13199
65to74,2023,14,13577
65to74,2023,15,13992
65to74,2023,16,14643
65to74,2023,17,15090
65to74,2023,18,15249
65to74,2023,19,15500
65to74,2023,20,15515
65to74,2023,21,15782
65to74,2023,22,15980
65to74,2023,23,16395
65to74,2023,24,16886
65to74,2023,25,17313
65to74,2023,26,17312
65to74,2023,27,17531
65to74,2023,28,17732
65to74,2023,29,17851
65to74,2023,30,18148
65to74,2023,31,18066
65to74,2023,32,18506
65to74,2023,33,18782
65to74,2023,34,19320
65to74,2023,35,19312
65to74,2023,36,19759
65to74,2023,37,20046
65to74,2023,38,19869
65to74,2023,39,19882
65to74,2023,40,20018
65to74,2023,41,20201
65to74,2023,42,20453
65to74,2023,43,20797
65to74,2023,44,21125
65to74,2023,45,21462
65to74,2023,46,21993
65to74,2023,47,22489
65to74,2023,48,23368
65to74,2023,49,24136
65to74,2023,50,24157
65to74,2017,0,0
65to74,2017,52,1117
65to74,2018,0,0
65to74,2018,1,1331
65to74,2018,2,2436
65to74,2018,3,3736
65to74,2018,4,4421
65to74,2018,5,5260
65to74,2018,6,6371
65to74,2018,7,7655
65to74,2018,8,9270
65to74,2018,9,11511
65to74,2018,10,13826
65to74,2018,11,15401
65to74,2018,12,16697
65to74,2018,13,17483
65to74,2018,14,18086
65to74,2018,15,18419
65to74,2018,16,18641
65to74,2018,17,18455
65to74,2018,18,18108
65to74,2018,19,17921
65to74,2018,20,17828
65to74,2018,21,17642
65to74,2018,22,17862
65to74,2018,23,17649
65to74,2018,24,17468
65to74,2018,25,17525
65to74,2018,26,17715
65to74,2018,27,17903
65to74,2018,28,17846
65to74,2018,29,18174
65to74,2018,30,18524
65to74,2018,31,19386
65to74,2018,32,19966
65to74,2018,33,19867
65to74,2018,34,19901
65to74,2018,35,19721
65to74,2018,36,19612
65to74,2018,37,19624
65to74,2018,38,19646
65to74,2018,39,19464
65to74,2018,40,19643
65to74,2018,41,19673
65to74,2018,42,19463
65to74,2018,43,19262
65to74,2018,44,19274
65to74,2018,45,19439
65to74,2018,46,19182
65to74,2018,47,19024
65to74,2018,48,19141
65to74,2018,49,19184
65to74,2018,50,19468
65to74,2018,51,19828
65to74,2018,52,20196
65to74,2019,0,0
65to74,2019,1,581
65to74,2019,2,1554
65to74,2019,3,2530
65to74,2019,4,3501
65to74,2019,5,4694
65to74,2019,6,5960
65to74,2019,7,7018
65to74,2019,8,8128
65to74,2019,9,8969
65to74,2019,10,9650
65to74,2019,11,10188
65to74,2019,12,10333
65to74,2019,13,10223
65to74,2019,14,10501
65to74,2019,15,10414
65to74,2019,16,10684
65to74,2019,17,10646
65to74,2019,18,10459
65to74,2019,19,10448
65to74,2019,20,10467
65to74,2019,21,10508
65to74,2019,22,10562
65to74,2019,23,10809
65to74,2019,24,10856
65to74,2019,25,11002
65to74,2019,26,11430
65to74,2019,27,11717
65to74,2019,28,11568
65to74,2019,29,11441
65to74,2019,30,12333
65to74,2019,31,12488
65to74,2019,32,12371
65to74,2019,33,12200
65to74,2019,34,12042
65to74,2019,35,12267
65to74,2019,36,11961
65to74,2019,37,11845
65to74,2019,38,11740
65to74,2019,39,11788
65to74,2019,40,11820
65to74,2019,41,11860
65to74,2019,42,11880
65to74,2019,43,12042
65to74,2019,44,12013
65to74,2019,45,12070
65to74,2019,46,12106
65to74,2019,47,12256
65to74,2019,48,12300
65to74,2019,49,12822
65to74,2019,50,13427
65to74,2019,51,14087
65to74,2019,52,14315
65to74,2020,0,0
65to74,2020,1,590
65to74,2020,2,1365
65to74,2020,3,1879
65to74,2020,4,2607
65to74,2020,5,3373
65to74,2020,6,3813
65to74,2020,7,4197
65to74,2020,8,4397
65to74,2020,9,4649
65to74,2020,10,5024
65to74,2020,11,6053
65to74,2020,12,8341
65to74,2020,13,12442
65to74,2020,14,17494
65to74,2020,15,21899
65to74,2020,16,24719
65to74,2020,17,26537
65to74,2020,18,27469
65to74,2020,19,28116
65to74,2020,20,28409
65to74,2020,21,28497
65to74,2020,22,28580
65to74,2020,23,28674
65to74,2020,24,28497
65to74,2020,25,28479
65to74,2020,26,29073
65to74,2020,27,29243
65to74,2020,28,29078
65to74,2020,29,29066
65to74,2020,30,29262
65to74,2020,31,29562
65to74,2020,32,29959
65to74,2020,33,31040
65to74,2020,34,31301
65to74,2020,35,31416
65to74,2020,36,31684
65to74,2020,37,32090
65to74,2020,38,32399
65to74,2020,39,32988
65to74,2020,40,33738
65to74,2020,41,34421
65to74,2020,42,35344
65to74,2020,43,36888
65to74,2020,44,38950
65to74,2020,45,41297
65to74,2020,46,43898
65to74,2020,47,46351
65to74,2020,48,49029
65to74,2020,49,51985
65to74,2020,50,54653
65to74,2020,51,57298
65to74,2020,52,60005
75to84,2021,0,0
75to84,2021,1,6023
75to84,2021,2,12895
75to84,2021,3,20461
75to84,2021,4,26250
75to84,2021,5,30490
75to84,2021,6,33288
75to84,2021,7,35142
75to84,2021,8,35701
75to84,2021,9,35770
75to84,2021,10,35756
75to84,2021,11,35872
75to84,2021,12,36129
75to84,2021,13,37127
75to84,2021,14,37792
75to84,2021,15,38294
75to84,2021,16,39001
75to84,2021,17,39637
75to84,2021,18,40178
75to84,2021,19,40108
75to84,2021,20,39646
75to84,2021,21,38911
75to84,2021,22,38408
75to84,2021,23,37877
75to84,2021,24,38003
75to84,2021,25,37657
75to84,2021,26,37544
75to84,2021,27,37214
75to84,2021,28,37276
75to84,2021,29,38202
75to84,2021,30,38856
75to84,2021,31,39593
75to84,2021,32,40475
75to84,2021,33,41291
75to84,2021,34,41802
75to84,2021,35,42474
75to84,2021,36,43898
75to84,2021,37,44340
75to84,2021,38,44347
75to84,2021,39,44665
75to84,2021,40,44794
75to84,2021,41,45361
75to84,2021,42,46302
75to84,2021,43,47921
75to84,2021,44,49317
75to84,2021,45,51352
75to84,2021,46,53839
75to84,2021,47,57097
75to84,2021,48,61055
75to84,2021,49,64719
75to84,2021,50,67542
75to84,2021,51,70292
75to84,2021,52,73043
75to84,2022,0,0
75to84,2022,1,1608
75to84,2022,2,2863
75to84,2022,3,4279
75to84,2022,4,6167
75to84,2022,5,8208
75to84,2022,6,9425
75to84,2022,7,10413
75to84,2022,8,10794
75to84,2022,9,10906
75to84,2022,10,11606
75to84,2022,11,12483
75to84,2022,12,13256
75to84,2022,13,14638
75to84,2022,14,16193
75to84,2022,15,17510
75to84,2022,16,17903
75to84,2022,17,18168
75to84,2022,18,18369
75to84,2022,19,18746
75to84,2022,20,18855
75to84,2022,21,18091
75to84,2022,22,18187
75to84,2022,23,18019
75to84,2022,24,18861
75to84,2022,25,19758
75to84,2022,26,20513
75to84,2022,27,21743
75to84,2022,28,23967
75to84,2022,29,27603
75to84,2022,30,30023
75to84,2022,31,31778
75to84,2022,32,33905
75to84,2022,33,35122
75to84,2022,34,35536
75to84,2022,35,35516
75to84,2022,36,35675
75to84,2022,37,35367
75to84,2022,38,35507
75to84,2022,39,36666
75to84,2022,40,38038
75to84,2022,41,39583
75to84,2022,42,41140
75to84,2022,43,42241
75to84,2022,44,42078
75to84,2022,45,42334
75to84,2022,46,42915
75to84,2022,47,43929
75to84,2022,48,45369
75to84,2022,49,48204
75to84,2022,50,52845
75to84,2022,51,59317
75to84,2022,52,65104
75to84,2023,0,0
75to84,2023,1,4240
75to84,2023,2,6495
75to84,2023,3,7144
75to84,2023,4,7477
75to84,2023,5,7843
75to84,2023,6,7813
75to84,2023,7,8151
75to84,2023,8,8482
75to84,2023,9,8458
75to84,2023,10,9559
75to84,2023,11,10070
75to84,2023,12,10043
75to84,2023,13,9932
75to84,2023,14,9211
75to84,2023,15,8833
75to84,2023,16,8590
75to84,2023,17,8159
75to84,2023,18,7580
75to84,2023,19,6868
75to84,2023,20,5894
75to84,2023,21,5383
75to84,2023,22,4532
75to84,2023,23,4182
75to84,2023,24,3784
75to84,2023,25,3511
75to84,2023,26,2406
75to84,2023,27,1404
75to84,2023,28,765
75to84,2023,29,226
75to84,2023,30,-337
75to84,2023,31,-1263
75to84,2023,32,-1612
75to84,2023,33,-1558
75to84,2023,34,-1379
75to84,2023,35,-2434
75to84,2023,36,-2691
75to84,2023,37,-3611
75to84,2023,38,-4622
75to84,2023,39,-5428
75to84,2023,40,-6277
75to84,2023,41,-6760
75to84,2023,42,-6885
75to84,2023,43,-6318
75to84,2023,44,-6325
75to84,2023,45,-6274
75to84,2023,46,-6139
75to84,2023,47,-5751
75to84,2023,48,-4908
75to84,2023,49,-3789
75to84,2023,50,-4203
75to84,2017,0,0
75to84,2017,52,2286
75to84,2018,0,0
75to84,2018,1,2961
75to84,2018,2,5549
75to84,2018,3,7943
75to84,2018,4,9880
75to84,2018,5,11784
75to84,2018,6,13916
75to84,2018,7,16564
75to84,2018,8,19477
75to84,2018,9,24516
75to84,2018,10,29951
75to84,2018,11,33603
75to84,2018,12,36055
75to84,2018,13,38167
75to84,2018,14,39501
75to84,2018,15,40368
75to84,2018,16,40594
75to84,2018,17,39979
75to84,2018,18,39541
75to84,2018,19,38975
75to84,2018,20,38202
75to84,2018,21,38091
75to84,2018,22,38198
75to84,2018,23,38211
75to84,2018,24,37475
75to84,2018,25,37087
75to84,2018,26,37437
75to84,2018,27,37743
75to84,2018,28,37559
75to84,2018,29,37640
75to84,2018,30,38946
75to84,2018,31,40875
75to84,2018,32,42166
75to84,2018,33,42207
75to84,2018,34,42081
75to84,2018,35,41534
75to84,2018,36,41269
75to84,2018,37,40852
75to84,2018,38,40484
75to84,2018,39,39928
75to84,2018,40,39529
75to84,2018,41,39511
75to84,2018,42,38672
75to84,2018,43,38041
75to84,2018,44,37835
75to84,2018,45,37779
75to84,2018,46,37078
75to84,2018,47,36919
75to84,2018,48,37022
75to84,2018,49,37091
75to84,2018,50,36951
75to84,2018,51,37315
75to84,2018,52,37368
75to84,2019,0,0
75to84,2019,1,691
75to84,2019,2,2415
75to84,2019,3,4040
75to84,2019,4,5766
75to84,2019,5,7650
75to84,2019,6,9736
75to84,2019,7,11513
75to84,2019,8,12548
75to84,2019,9,13883
75to84,2019,10,14719
75to84,2019,11,15258
75to84,2019,12,14935
75to84,2019,13,14837
75to84,2019,14,14942
75to84,2019,15,14695
75to84,2019,16,14770
75to84,2019,17,14665
75to84,2019,18,14203
75to84,2019,19,14137
75to84,2019,20,14143
75to84,2019,21,14159
75to84,2019,22,13753
75to84,2019,23,13749
75to84,2019,24,13514
75to84,2019,25,13427
75to84,2019,26,14067
75to84,2019,27,14382
75to84,2019,28,14210
75to84,2019,29,14061
75to84,2019,30,16002
75to84,2019,31,15842
75to84,2019,32,15744
75to84,2019,33,15070
75to84,2019,34,14833
75to84,2019,35,15030
75to84,2019,36,14283
75to84,2019,37,13727
75to84,2019,38,13170
75to84,2019,39,12999
75to84,2019,40,12678
75to84,2019,41,12801
75to84,2019,42,12797
75to84,2019,43,12491
75to84,2019,44,12332
75to84,2019,45,12049
75to84,2019,46,12399
75to84,2019,47,12617
75to84,2019,48,12652
75to84,2019,49,12665
75to84,2019,50,13133
75to84,2019,51,13774
75to84,2019,52,13676
75to84,2020,0,0
75to84,2020,1,82
75to84,2020,2,924
75to84,2020,3,1364
75to84,2020,4,1458
75to84,2020,5,2163
75to84,2020,6,2011
75to84,2020,7,2306
75to84,2020,8,1783
75to84,2020,9,1747
75to84,2020,10,1904
75to84,2020,11,2888
75to84,2020,12,6505
75to84,2020,13,14649
75to84,2020,14,25684
75to84,2020,15,35981
75to84,2020,16,42929
75to84,2020,17,46938
75to84,2020,18,48956
75to84,2020,19,49881
75to84,2020,20,49892
75to84,2020,21,49778
75to84,2020,22,49067
75to84,2020,23,48569
75to84,2020,24,47833
75to84,2020,25,47060
75to84,2020,26,46937
75to84,2020,27,46394
75to84,2020,28,45869
75to84,2020,29,45792
75to84,2020,30,45705
75to84,2020,31,46369
75to84,2020,32,46751
75to84,2020,33,48808
75to84,2020,34,48877
75to84,2020,35,48595
75to84,2020,36,48270
75to84,2020,37,48411
75to84,2020,38,48916
75to84,2020,39,49104
75to84,2020,40,49647
75to84,2020,41,50211
75to84,2020,42,51249
75to84,2020,43,53486
75to84,2020,44,57047
75to84,2020,45,61558
75to84,2020,46,66552
75to84,2020,47,71218
75to84,2020,48,75773
75to84,2020,49,80587
75to84,2020,50,85858
75to84,2020,51,91057
75to84,2020,52,96055
65P,2021,0,0
65P,2021,1,19703
65P,2021,2,42211
65P,2021,3,66535
65P,2021,4,86325
65P,2021,5,100241
65P,2021,6,109423
65P,2021,7,116356
65P,2021,8,118517
65P,2021,9,118591
65P,2021,10,119494
65P,2021,11,120457
65P,2021,12,121779
65P,2021,13,124181
65P,2021,14,126607
65P,2021,15,128957
65P,2021,16,131822
65P,2021,17,134257
65P,2021,18,137245
65P,2021,19,138013
65P,2021,20,137735
65P,2021,21,136985
65P,2021,22,137364
65P,2021,23,137267
65P,2021,24,139530
65P,2021,25,139986
65P,2021,26,141243
65P,2021,27,142477
65P,2021,28,144690
65P,2021,29,149427
65P,2021,30,152878
65P,2021,31,157327
65P,2021,32,162975
65P,2021,33,167594
65P,2021,34,170749
65P,2021,35,174182
65P,2021,36,180351
65P,2021,37,183165
65P,2021,38,184722
65P,2021,39,187224
65P,2021,40,189417
65P,2021,41,193075
65P,2021,42,197795
65P,2021,43,204185
65P,2021,44,209853
65P,2021,45,217569
65P,2021,46,226050
65P,2021,47,236474
65P,2021,48,249865
65P,2021,49,262677
65P,2021,50,273064
65P,2021,51,283141
65P,2021,52,293097
65P,2022,0,0
65P,2022,1,7297
65P,2022,2,14089
65P,2022,3,21098
65P,2022,4,30034
65P,2022,5,39647
65P,2022,6,46528
65P,2022,7,52817
65P,2022,8,55915
65P,2022,9,59104
65P,2022,10,63413
65P,2022,11,68255
65P,2022,12,73678
65P,2022,13,80141
65P,2022,14,87722
65P,2022,15,94304
65P,2022,16,98569
65P,2022,17,102285
65P,2022,18,105441
65P,2022,19,108746
65P,2022,20,111326
65P,2022,21,111048
65P,2022,22,113152
65P,2022,23,115118
65P,2022,24,120274
65P,2022,25,124925
65P,2022,26,129727
65P,2022,27,135979
65P,2022,28,145724
65P,2022,29,160330
65P,2022,30,170910
65P,2022,31,179611
65P,2022,32,188770
65P,2022,33,195315
65P,2022,34,199083
65P,2022,35,200856
65P,2022,36,202930
65P,2022,37,204108
65P,2022,38,206529
65P,2022,39,212326
65P,2022,40,218906
65P,2022,41,225769
65P,2022,42,232666
65P,2022,43,237843
65P,2022,44,239661
65P,2022,45,242495
65P,2022,46,246116
65P,2022,47,251134
65P,2022,48,257719
65P,2022,49,268981
65P,2022,50,285580
65P,2022,51,308466
65P,2022,52,329136
65P,2023,0,0
65P,2023,1,16640
65P,2023,2,27179
65P,2023,3,33317
65P,2023,4,37356
65P,2023,5,41610
65P,2023,6,44860
65P,2023,7,48903
65P,2023,8,52015
65P,2023,9,54809
65P,2023,10,60340
65P,2023,11,64155
65P,2023,12,66597
65P,2023,13,67789
65P,2023,14,67691
65P,2023,15,68607
65P,2023,16,70115
65P,2023,17,70964
65P,2023,18,71082
65P,2023,19,70425
65P,2023,20,69224
65P,2023,21,69436
65P,2023,22,68795
65P,2023,23,70022
65P,2023,24,70793
65P,2023,25,71405
65P,2023,26,69859
65P,2023,27,68961
65P,2023,28,69682
65P,2023,29,69922
65P,2023,30,70410
65P,2023,31,69469
65P,2023,32,70591
65P,2023,33,72936
65P,2023,34,76103
65P,2023,35,75148
65P,2023,36,76739
65P,2023,37,76347
65P,2023,38,74569
65P,2023,39,73497
65P,2023,40,73164
65P,2023,41,72950
65P,2023,42,74438
65P,2023,43,76981
65P,2023,44,78498
65P,2023,45,79997
65P,2023,46,82305
65P,2023,47,84512
65P,2023,48,88631
65P,2023,49,93571
65P,2023,50,94194
65P,2017,0,0
65P,2017,52,7803
65P,2018,0,0
65P,2018,1,11360
65P,2018,2,21051
65P,2018,3,30277
65P,2018,4,37408
65P,2018,5,43925
65P,2018,6,51005
65P,2018,7,60368
65P,2018,8,71426
65P,2018,9,87650
65P,2018,10,105174
65P,2018,11,117142
65P,2018,12,125936
65P,2018,13,132703
65P,2018,14,137269
65P,2018,15,140175
65P,2018,16,141128
65P,2018,17,139701
65P,2018,18,137865
65P,2018,19,136564
65P,2018,20,134787
65P,2018,21,134305
65P,2018,22,134701
65P,2018,23,133747
65P,2018,24,131895
65P,2018,25,131361
65P,2018,26,132645
65P,2018,27,134363
65P,2018,28,134293
65P,2018,29,135752
65P,2018,30,139670
65P,2018,31,146120
65P,2018,32,150614
65P,2018,33,150921
65P,2018,34,151147
65P,2018,35,149834
65P,2018,36,149053
65P,2018,37,147899
65P,2018,38,147451
65P,2018,39,145754
65P,2018,40,145550
65P,2018,41,146005
65P,2018,42,144135
65P,2018,43,142285
65P,2018,44,141714
65P,2018,45,141639
65P,2018,46,139603
65P,2018,47,138488
65P,2018,48,137836
65P,2018,49,137377
65P,2018,50,136658
65P,2018,51,137770
65P,2018,52,138326
65P,2019,0,0
65P,2019,1,3331
65P,2019,2,9677
65P,2019,3,16056
65P,2019,4,22835
65P,2019,5,30166
65P,2019,6,37781
65P,2019,7,43773
65P,2019,8,49326
65P,2019,9,54686
65P,2019,10,58211
65P,2019,11,60602
65P,2019,12,60715
65P,2019,13,60224
65P,2019,14,61085
65P,2019,15,60634
65P,2019,16,61465
65P,2019,17,62058
65P,2019,18,61592
65P,2019,19,61598
65P,2019,20,62036
65P,2019,21,62605
65P,2019,22,62744
65P,2019,23,63365
65P,2019,24,63620
65P,2019,25,64045
65P,2019,26,66937
65P,2019,27,68585
65P,2019,28,68925
65P,2019,29,69219
65P,2019,30,75709
65P,2019,31,76277
65P,2019,32,76552
65P,2019,33,75580
65P,2019,34,75432
65P,2019,35,76878
65P,2019,36,75059
65P,2019,37,74036
65P,2019,38,73196
65P,2019,39,73267
65P,2019,40,72834
65P,2019,41,73615
65P,2019,42,74040
65P,2019,43,74073
65P,2019,44,74135
65P,2019,45,74149
65P,2019,46,75143
65P,2019,47,76679
65P,2019,48,77528
65P,2019,49,78575
65P,2019,50,80621
65P,2019,51,83464
65P,2019,52,84175
65P,2020,0,0
65P,2020,1,2799
65P,2020,2,7573
65P,2020,3,10922
65P,2020,4,13315
65P,2020,5,17116
65P,2020,6,18626
65P,2020,7,20550
65P,2020,8,20126
65P,2020,9,20946
65P,2020,10,22713
65P,2020,11,26917
65P,2020,12,38250
65P,2020,13,62037
65P,2020,14,97124
65P,2020,15,130574
65P,2020,16,154301
65P,2020,17,169290
65P,2020,18,177226
65P,2020,19,182004
65P,2020,20,183150
65P,2020,21,184496
65P,2020,22,183851
65P,2020,23,183454
65P,2020,24,181921
65P,2020,25,180696
65P,2020,26,182352
65P,2020,27,182126
65P,2020,28,181590
65P,2020,29,181914
65P,2020,30,182982
65P,2020,31,186442
65P,2020,32,189230
65P,2020,33,196764
65P,2020,34,198739
65P,2020,35,199086
65P,2020,36,199508
65P,2020,37,201087
65P,2020,38,203827
65P,2020,39,204954
65P,2020,40,207773
65P,2020,41,210350
65P,2020,42,214172
65P,2020,43,222533
65P,2020,44,233806
65P,2020,45,248165
65P,2020,46,263745
65P,2020,47,278405
65P,2020,48,293053
65P,2020,49,308721
65P,2020,50,325397
65P,2020,51,341724
65P,2020,52,357821
85P,2021,0,0
85P,2021,1,10690
85P,2021,2,22757
85P,2021,3,35830
85P,2021,4,46532
85P,2021,5,53513
85P,2021,6,57824
85P,2021,7,60958
85P,2021,8,61425
85P,2021,9,60341
85P,2021,10,59824
85P,2021,11,59238
85P,2021,12,58821
85P,2021,13,58587
85P,2021,14,58518
85P,2021,15,58703
85P,2021,16,59108
85P,2021,17,59449
85P,2021,18,60133
85P,2021,19,59886
85P,2021,20,59085
85P,2021,21,58591
85P,2021,22,58803
85P,2021,23,58589
85P,2021,24,59914
85P,2021,25,60298
85P,2021,26,61073
85P,2021,27,62021
85P,2021,28,63340
85P,2021,29,66116
85P,2021,30,68085
85P,2021,31,70862
85P,2021,32,74514
85P,2021,33,77311
85P,2021,34,79095
85P,2021,35,80797
85P,2021,36,84115
85P,2021,37,85691
85P,2021,38,86478
85P,2021,39,87653
85P,2021,40,88759
85P,2021,41,90572
85P,2021,42,93193
85P,2021,43,96388
85P,2021,44,99179
85P,2021,45,102992
85P,2021,46,106950
85P,2021,47,111415
85P,2021,48,117541
85P,2021,49,123761
85P,2021,50,128599
85P,2021,51,133241
85P,2021,52,137902
85P,2022,0,0
85P,2022,1,3762
85P,2022,2,7377
85P,2022,3,11492
85P,2022,4,16580
85P,2022,5,22259
85P,2022,6,26505
85P,2022,7,30395
85P,2022,8,32307
85P,2022,9,34533
85P,2022,10,37137
85P,2022,11,40111
85P,2022,12,43631
85P,2022,13,47567
85P,2022,14,52240
85P,2022,15,56499
85P,2022,16,59539
85P,2022,17,62087
85P,2022,18,64183
85P,2022,19,66342
85P,2022,20,68223
85P,2022,21,68599
85P,2022,22,70010
85P,2022,23,71519
85P,2022,24,74803
85P,2022,25,77487
85P,2022,26,80593
85P,2022,27,84713
85P,2022,28,90786
85P,2022,29,99729
85P,2022,30,106385
85P,2022,31,112220
85P,2022,32,117949
85P,2022,33,122309
85P,2022,34,125146
85P,2022,35,126706
85P,2022,36,127986
85P,2022,37,129062
85P,2022,38,130720
85P,2022,39,134265
85P,2022,40,138269
85P,2022,41,142284
85P,2022,42,146429
85P,2022,43,149593
85P,2022,44,150997
85P,2022,45,152893
85P,2022,46,155088
85P,2022,47,157806
85P,2022,48,161558
85P,2022,49,168028
85P,2022,50,176973
85P,2022,51,189594
85P,2022,52,201071
85P,2023,0,0
85P,2023,1,9719
85P,2023,2,16307
85P,2023,3,20621
85P,2023,4,23361
85P,2023,5,26394
85P,2023,6,28863
85P,2023,7,31824
85P,2023,8,33895
85P,2023,9,35859
85P,2023,10,39103
85P,2023,11,41483
85P,2023,12,43166
85P,2023,13,43951
85P,2023,14,44165
85P,2023,15,45018
85P,2023,16,46097
85P,2023,17,46913
85P,2023,18,47436
85P,2023,19,47227
85P,2023,20,46973
85P,2023,21,47420
85P,2023,22,47420
85P,2023,23,48572
85P,2023,24,49237
85P,2023,25,49682
85P,2023,26,49229
85P,2023,27,49101
85P,2023,28,50241
85P,2023,29,50881
85P,2023,30,51614
85P,2023,31,51661
85P,2023,32,52674
85P,2023,33,54671
85P,2023,34,57103
85P,2023,35,57192
85P,2023,36,58572
85P,2023,37,58800
85P,2023,38,58192
85P,2023,39,57896
85P,2023,40,58257
85P,2023,41,58325
85P,2023,42,59673
85P,2023,43,61380
85P,2023,44,62696
85P,2023,45,63793
85P,2023,46,65419
85P,2023,47,66693
85P,2023,48,69040
85P,2023,49,72047
85P,2023,50,72978
85P,2017,0,0
85P,2017,52,4371
85P,2018,0,0
85P,2018,1,7037
85P,2018,2,13000
85P,2018,3,18495
85P,2018,4,22967
85P,2018,5,26704
85P,2018,6,30505
85P,2018,7,35900
85P,2018,8,42398
85P,2018,9,51316
85P,2018,10,61065
85P,2018,11,67787
85P,2018,12,72817
85P,2018,13,76676
85P,2018,14,79299
85P,2018,15,81003
85P,2018,16,81509
85P,2018,17,80889
85P,2018,18,79844
85P,2018,19,79306
85P,2018,20,78405
85P,2018,21,78228
85P,2018,22,78307
85P,2018,23,77563
85P,2018,24,76634
85P,2018,25,76436
85P,2018,26,77186
85P,2018,27,78412
85P,2018,28,78585
85P,2018,29,79636
85P,2018,30,81898
85P,2018,31,85558
85P,2018,32,88181
85P,2018,33,88547
85P,2018,34,88868
85P,2018,35,88285
85P,2018,36,87881
85P,2018,37,87139
85P,2018,38,87043
85P,2018,39,86093
85P,2018,40,86117
85P,2018,41,86569
85P,2018,42,85757
85P,2018,43,84748
85P,2018,44,84377
85P,2018,45,84197
85P,2018,46,83122
85P,2018,47,82322
85P,2018,48,81444
85P,2018,49,80863
85P,2018,50,79984
85P,2018,51,80354
85P,2018,52,80466
85P,2019,0,0
85P,2019,1,2032
85P,2019,2,5652
85P,2019,3,9397
85P,2019,4,13445
85P,2019,5,17666
85P,2019,6,21897
85P,2019,7,25023
85P,2019,8,28402
85P,2019,9,31561
85P,2019,10,33549
85P,2019,11,34847
85P,2019,12,35125
85P,2019,13,34837
85P,2019,14,35312
85P,2019,15,35197
85P,2019,16,35689
85P,2019,17,36433
85P,2019,18,36628
85P,2019,19,36724
85P,2019,20,37152
85P,2019,21,37679
85P,2019,22,38184
85P,2019,23,38576
85P,2019,24,39030
85P,2019,25,39407
85P,2019,26,41240
85P,2019,27,42294
85P,2019,28,42962
85P,2019,29,43538
85P,2019,30,47200
85P,2019,31,47778
85P,2019,32,48273
85P,2019,33,48152
85P,2019,34,48404
85P,2019,35,49436
85P,2019,36,48678
85P,2019,37,48336
85P,2019,38,48168
85P,2019,39,48373
85P,2019,40,48243
85P,2019,41,48873
85P,2019,42,49294
85P,2019,43,49483
85P,2019,44,49742
85P,2019,45,49990
85P,2019,46,50602
85P,2019,47,51771
85P,2019,48,52539
85P,2019,49,53041
85P,2019,50,54002
85P,2019,51,55526
85P,2019,52,56086
85P,2020,0,0
85P,2020,1,2101
85P,2020,2,5229
85P,2020,3,7592
85P,2020,4,9130
85P,2020,5,11426
85P,2020,6,12614
85P,2020,7,13829
85P,2020,8,13699
85P,2020,9,14276
85P,2020,10,15488
85P,2020,11,17663
85P,2020,12,23078
85P,2020,13,34613
85P,2020,14,53610
85P,2020,15,72360
85P,2020,16,86323
85P,2020,17,95495
85P,2020,18,100492
85P,2020,19,103711
85P,2020,20,104568
85P,2020,21,105955
85P,2020,22,105953
85P,2020,23,105974
85P,2020,24,105369
85P,2020,25,104947
85P,2020,26,106142
85P,2020,27,106298
85P,2020,28,106461
85P,2020,29,106880
85P,2020,30,107846
85P,2020,31,110346
85P,2020,32,112361
85P,2020,33,116762
85P,2020,34,118413
85P,2020,35,118934
85P,2020,36,119422
85P,2020,37,120462
85P,2020,38,122399
85P,2020,39,122760
85P,2020,40,124298
85P,2020,41,125639
85P,2020,42,127512
85P,2020,43,132101
85P,2020,44,137760
85P,2020,45,145268
85P,2020,46,153255
85P,2020,47,160796
85P,2020,48,168205
85P,2020,49,176092
85P,2020,50,184815
85P,2020,51,193277
85P,2020,52,201644